{
    "0": {
        "avg": 0.3233110308647156,
        "0": 0.0,
        "1": 0.05716288089752197,
        "2": -1.4087035655975342,
        "3": -0.11941993236541748,
        "4": -0.01732456684112549
    },
    "1": {
        "avg": 0.9982724189758301,
        "0": 0.0,
        "1": 0.00939875841140747,
        "2": 0.987242579460144,
        "3": 0.9999039173126221,
        "4": 0.9970488548278809
    },
    "2": {
        "avg": 0.999994695186615,
        "0": 0.0,
        "1": 0.057614803314208984,
        "2": 0.9847739934921265,
        "3": 0.9998499155044556,
        "4": 0.999996542930603
    },
    "3": {
        "avg": 0.9999998807907104,
        "0": -2.1457672119140625e-06,
        "1": 0.05673760175704956,
        "2": 0.9885361790657043,
        "3": 0.999853253364563,
        "4": 1.0
    },
    "4": {
        "avg": 1.0,
        "0": -3.5762786865234375e-06,
        "1": -0.02027130126953125,
        "2": 0.9832394123077393,
        "3": 0.9998956918716431,
        "4": 1.0
    },
    "5": {
        "avg": 1.0,
        "0": -3.5762786865234375e-07,
        "1": 0.05339944362640381,
        "2": 0.9854136109352112,
        "3": 0.9999002814292908,
        "4": 1.0
    },
    "6": {
        "avg": 1.0,
        "0": -5.364418029785156e-06,
        "1": -0.004727602005004883,
        "2": 0.9806082844734192,
        "3": 0.999867856502533,
        "4": 1.0
    },
    "7": {
        "avg": 1.0,
        "0": -1.5616416931152344e-05,
        "1": 0.017138302326202393,
        "2": 0.9864470362663269,
        "3": 0.9999014735221863,
        "4": 1.0
    },
    "8": {
        "avg": 1.0,
        "0": -6.67572021484375e-05,
        "1": -0.6713749170303345,
        "2": 0.9789864420890808,
        "3": 0.9998983144760132,
        "4": 1.0
    },
    "9": {
        "avg": 1.0,
        "0": -5.4836273193359375e-06,
        "1": -1.1827621459960938,
        "2": 0.9893704056739807,
        "3": 0.9998980164527893,
        "4": 1.0
    },
    "10": {
        "avg": 1.0,
        "0": -1.5020370483398438e-05,
        "1": -4.594644546508789,
        "2": 0.9873993396759033,
        "3": 0.9998999834060669,
        "4": 0.9999771118164062
    },
    "11": {
        "avg": 1.0,
        "0": 0.0,
        "1": -1.425492286682129,
        "2": 0.9862962961196899,
        "3": 0.9998860359191895,
        "4": 1.0
    },
    "12": {
        "avg": 1.0,
        "0": -2.658367156982422e-05,
        "1": -0.04750239849090576,
        "2": 0.9671475887298584,
        "3": 0.9998981952667236,
        "4": 0.9999683499336243
    },
    "13": {
        "avg": 1.0,
        "0": 0.0,
        "1": -0.11599743366241455,
        "2": 0.9834219217300415,
        "3": 0.99989914894104,
        "4": 1.0
    },
    "14": {
        "avg": 1.0,
        "0": 1.1920928955078125e-07,
        "1": -0.09992241859436035,
        "2": 0.9881343841552734,
        "3": 0.9998689293861389,
        "4": 0.9999991655349731
    },
    "15": {
        "avg": 1.0,
        "0": -2.384185791015625e-07,
        "1": -2.178544044494629,
        "2": 0.9868369698524475,
        "3": 0.9998995065689087,
        "4": 1.0
    },
    "16": {
        "avg": 1.0,
        "0": -7.152557373046875e-06,
        "1": -6.941000938415527,
        "2": 0.9699369668960571,
        "3": 0.9998512864112854,
        "4": 0.9999991655349731
    },
    "17": {
        "avg": 1.0,
        "0": -1.6689300537109375e-06,
        "1": -0.7447124719619751,
        "2": 0.9761728644371033,
        "3": 0.9998268485069275,
        "4": 1.0
    },
    "18": {
        "avg": 1.0,
        "0": -5.364418029785156e-06,
        "1": -3.405938148498535,
        "2": 0.9753872156143188,
        "3": 0.9999001622200012,
        "4": 0.9999988079071045
    },
    "19": {
        "avg": 1.0,
        "0": -8.821487426757812e-06,
        "1": -18.5303897857666,
        "2": 0.9832513332366943,
        "3": 0.9998900890350342,
        "4": 0.9999969005584717
    },
    "20": {
        "avg": 1.0,
        "0": -4.3272972106933594e-05,
        "1": 0.04539996385574341,
        "2": 0.973507821559906,
        "3": 0.9997994899749756,
        "4": 0.9999944567680359
    },
    "21": {
        "avg": 0.9999995827674866,
        "0": -1.2874603271484375e-05,
        "1": 0.04266154766082764,
        "2": 0.9765396118164062,
        "3": 0.9998428225517273,
        "4": 0.9999968409538269
    },
    "22": {
        "avg": 0.9999997019767761,
        "0": 0.0,
        "1": 0.048867881298065186,
        "2": 0.9900828003883362,
        "3": 0.9998744130134583,
        "4": 0.9999989867210388
    },
    "23": {
        "avg": 0.9999951124191284,
        "0": -1.0013580322265625e-05,
        "1": 0.038521528244018555,
        "2": 0.9895474314689636,
        "3": 0.9999014735221863,
        "4": 0.9999911785125732
    },
    "24": {
        "avg": 1.0,
        "0": -9.119510650634766e-05,
        "1": -0.4178527593612671,
        "2": 0.9891384243965149,
        "3": 0.9998912811279297,
        "4": 0.9999998807907104
    },
    "25": {
        "avg": 1.0,
        "0": -1.3113021850585938e-06,
        "1": 0.024296045303344727,
        "2": 0.9891688823699951,
        "3": 0.9998952746391296,
        "4": 0.9999744296073914
    },
    "26": {
        "avg": 1.0,
        "0": -3.5762786865234375e-07,
        "1": -0.08371615409851074,
        "2": 0.988610565662384,
        "3": 0.9998744130134583,
        "4": 0.9999999403953552
    },
    "27": {
        "avg": 0.9999996423721313,
        "0": -0.00023686885833740234,
        "1": -0.09295797348022461,
        "2": 0.9881657361984253,
        "3": 0.9997117519378662,
        "4": 0.9999712705612183
    },
    "28": {
        "avg": 0.999999463558197,
        "0": -8.821487426757812e-06,
        "1": 0.05689185857772827,
        "2": 0.98808753490448,
        "3": 0.9998958706855774,
        "4": 0.9999545812606812
    },
    "29": {
        "avg": 1.0,
        "0": 0.0,
        "1": 0.04318523406982422,
        "2": 0.9880918264389038,
        "3": 0.9997838735580444,
        "4": 1.0
    },
    "30": {
        "avg": 1.0,
        "0": 1.1920928955078125e-07,
        "1": 0.048814237117767334,
        "2": 0.9833540320396423,
        "3": 0.9987323880195618,
        "4": 1.0
    },
    "31": {
        "avg": 1.0,
        "0": 0.0,
        "1": 0.012076914310455322,
        "2": 0.9895141124725342,
        "3": 0.9998965859413147,
        "4": 0.9999876618385315
    },
    "32": {
        "avg": 1.0,
        "0": 0.0,
        "1": -0.36085426807403564,
        "2": 0.9584099054336548,
        "3": 0.99990314245224,
        "4": 0.9999999403953552
    }
}