{
    "Year1": {
        "0": {
            "avg": 0.6801674365997314,
            "0": 0.03565782308578491,
            "1": 0.9917759299278259,
            "2": 0.9996790885925293,
            "3": 0.9630866646766663
        },
        "1": {
            "avg": 0.9582599401473999,
            "0": 0.034290432929992676,
            "1": 0.9917469024658203,
            "2": 0.9999575018882751,
            "3": 0.9999999403953552
        },
        "2": {
            "avg": 0.9996233582496643,
            "0": -0.08654320240020752,
            "1": 0.990725576877594,
            "2": 0.9999556541442871,
            "3": 1.0
        },
        "3": {
            "avg": 0.9999892711639404,
            "0": -0.16581368446350098,
            "1": 0.9915806651115417,
            "2": 0.9999549984931946,
            "3": 1.0
        },
        "4": {
            "avg": 0.9999995231628418,
            "0": -0.4344896078109741,
            "1": 0.9916702508926392,
            "2": 0.9999580979347229,
            "3": 1.0
        },
        "5": {
            "avg": 0.9999999403953552,
            "0": -0.2783585786819458,
            "1": 0.9913287162780762,
            "2": 0.9999569654464722,
            "3": 1.0
        },
        "6": {
            "avg": 1.0,
            "0": 0.028289854526519775,
            "1": 0.9915533661842346,
            "2": 0.9999576210975647,
            "3": 1.0
        },
        "7": {
            "avg": 1.0,
            "0": 0.03435778617858887,
            "1": 0.9915248155593872,
            "2": 0.9999581575393677,
            "3": 1.0
        },
        "8": {
            "avg": 1.0,
            "0": 0.033569514751434326,
            "1": 0.9916220903396606,
            "2": 0.9999581575393677,
            "3": 1.0
        },
        "9": {
            "avg": 1.0,
            "0": -0.0468592643737793,
            "1": 0.9917132258415222,
            "2": 0.9999573826789856,
            "3": 1.0
        },
        "10": {
            "avg": 1.0,
            "0": -0.025037646293640137,
            "1": 0.9915464520454407,
            "2": 0.9999582171440125,
            "3": 1.0
        },
        "11": {
            "avg": 1.0,
            "0": 0.03278148174285889,
            "1": 0.9914149641990662,
            "2": 0.9999582171440125,
            "3": 1.0
        },
        "12": {
            "avg": 1.0,
            "0": 0.03161829710006714,
            "1": 0.9915795922279358,
            "2": 0.9999581575393677,
            "3": 1.0
        },
        "13": {
            "avg": 1.0,
            "0": 0.03489184379577637,
            "1": 0.991747260093689,
            "2": 0.9999582171440125,
            "3": 1.0
        },
        "14": {
            "avg": 1.0,
            "0": 0.03548085689544678,
            "1": 0.9915616512298584,
            "2": 0.9999582171440125,
            "3": 1.0
        },
        "15": {
            "avg": 1.0,
            "0": -0.07666182518005371,
            "1": 0.9917314052581787,
            "2": 0.9999582171440125,
            "3": 1.0
        },
        "16": {
            "avg": 1.0,
            "0": 0.03409433364868164,
            "1": 0.9911553859710693,
            "2": 0.9999582171440125,
            "3": 1.0
        },
        "17": {
            "avg": 1.0,
            "0": -0.09553897380828857,
            "1": 0.9914960265159607,
            "2": 0.9999580383300781,
            "3": 1.0
        },
        "18": {
            "avg": 1.0,
            "0": 0.02890336513519287,
            "1": 0.991624116897583,
            "2": 0.9999581575393677,
            "3": 1.0
        },
        "19": {
            "avg": 1.0,
            "0": -0.6406536102294922,
            "1": 0.9913971424102783,
            "2": 0.9999582171440125,
            "3": 1.0
        },
        "20": {
            "avg": 1.0,
            "0": 0.028611361980438232,
            "1": 0.9914501309394836,
            "2": 0.9999581575393677,
            "3": 1.0
        },
        "21": {
            "avg": 1.0,
            "0": -0.30430030822753906,
            "1": 0.9913358688354492,
            "2": 0.9999581575393677,
            "3": 1.0
        },
        "22": {
            "avg": 1.0,
            "0": 0.019238591194152832,
            "1": 0.9913561344146729,
            "2": 0.9999581575393677,
            "3": 1.0
        },
        "23": {
            "avg": 1.0,
            "0": 0.028824269771575928,
            "1": 0.9916674494743347,
            "2": 0.9999581575393677,
            "3": 1.0
        },
        "24": {
            "avg": 1.0,
            "0": -0.09105443954467773,
            "1": 0.9916305541992188,
            "2": 0.9999581575393677,
            "3": 1.0
        },
        "25": {
            "avg": 1.0,
            "0": -0.03571295738220215,
            "1": 0.9915212392807007,
            "2": 0.9999582171440125,
            "3": 1.0
        },
        "26": {
            "avg": 1.0,
            "0": -1.1609983444213867,
            "1": 0.9904869198799133,
            "2": 0.9999582171440125,
            "3": 1.0
        },
        "27": {
            "avg": 1.0,
            "0": -0.25100672245025635,
            "1": 0.9915387034416199,
            "2": 0.9999581575393677,
            "3": 1.0
        },
        "28": {
            "avg": 1.0,
            "0": 0.022709429264068604,
            "1": 0.991370439529419,
            "2": 0.9999582171440125,
            "3": 1.0
        },
        "29": {
            "avg": 0.999997615814209,
            "0": 0.01819896697998047,
            "1": 0.9917569756507874,
            "2": 0.9999579787254333,
            "3": 1.0
        },
        "30": {
            "avg": 1.0,
            "0": -0.019589781761169434,
            "1": 0.9915173053741455,
            "2": 0.9999582171440125,
            "3": 1.0
        },
        "31": {
            "avg": 1.0,
            "0": -0.3921855688095093,
            "1": 0.9913982152938843,
            "2": 0.9999582171440125,
            "3": 1.0
        }
    },
    "Year2": {
        "0": {
            "avg": 0.6152445077896118,
            "0": 0.23082292079925537,
            "1": 0.9955397248268127,
            "2": 0.9916260242462158,
            "3": 0.9455212950706482
        },
        "1": {
            "avg": 0.9625058174133301,
            "0": 0.25888127088546753,
            "1": 0.9972385168075562,
            "2": 0.999997079372406,
            "3": 0.9999971985816956
        },
        "2": {
            "avg": 0.9996235966682434,
            "0": 0.11024624109268188,
            "1": 0.9998803734779358,
            "2": 0.9999999403953552,
            "3": 1.0
        },
        "3": {
            "avg": 0.9999886155128479,
            "0": 0.2354997992515564,
            "1": 0.9999995827674866,
            "2": 1.0,
            "3": 1.0
        },
        "4": {
            "avg": 0.999999463558197,
            "0": 0.38750338554382324,
            "1": 1.0,
            "2": 1.0,
            "3": 1.0
        },
        "5": {
            "avg": 0.9999999403953552,
            "0": 0.4040493965148926,
            "1": 1.0,
            "2": 1.0,
            "3": 1.0
        },
        "6": {
            "avg": 1.0,
            "0": 0.4714183807373047,
            "1": 1.0,
            "2": 1.0,
            "3": 1.0
        },
        "7": {
            "avg": 1.0,
            "0": 0.9762008786201477,
            "1": 1.0,
            "2": 1.0,
            "3": 1.0
        },
        "8": {
            "avg": 1.0,
            "0": 0.8522414565086365,
            "1": 1.0,
            "2": 1.0,
            "3": 1.0
        },
        "9": {
            "avg": 1.0,
            "0": 0.7801061272621155,
            "1": 1.0,
            "2": 1.0,
            "3": 1.0
        },
        "10": {
            "avg": 1.0,
            "0": 0.22133123874664307,
            "1": 1.0,
            "2": 1.0,
            "3": 1.0
        },